Workbook

Sheet dau
A1: day | B1: week_start | C1: month_start | D1: iso_year | E1: iso_week | F1: year | G1: month | H1: dau | I1: WAU | J1: MAU | K1: SFW | L1: SFM
A2: 44744 | B2: 44739 | C2: 44743 | D2: 2022 | E2: 26 | F2: 2022 | G2: 7 | H2: 3 | I2: =VLOOKUP($B2,wau!$A:$D,4,0) -> 6 | J2: =VLOOKUP($C2,mau!$A:$D,4,0) -> 193 | K2: =IFERROR(H2/I2,"") -> 0.5 | L2: =IFERROR(H2/J2,"") -> 0.015544041
A3: 44745 | B3: 44739 | C3: 44743 | D3: 2022 | E3: 26 | F3: 2022 | G3: 7 | H3: 6 | I3: =VLOOKUP($B3,wau!$A:$D,4,0) -> 6 | J3: =VLOOKUP($C3,mau!$A:$D,4,0) -> 193 | K3: =IFERROR(H3/I3,"") -> 1 | L3: =IFERROR(H3/J3,"") -> 0.031088083
A4: 44746 | B4: 44746 | C4: 44743 | D4: 2022 | E4: 27 | F4: 2022 | G4: 7 | H4: 5 | I4: =VLOOKUP($B4,wau!$A:$D,4,0) -> 59 | J4: =VLOOKUP($C4,mau!$A:$D,4,0) -> 193 | K4: =IFERROR(H4/I4,"") -> 0.084745763 | L4: =IFERROR(H4/J4,"") -> 0.025906736
A5: 44747 | B5: 44746 | C5: 44743 | D5: 2022 | E5: 27 | F5: 2022 | G5: 7 | H5: 10 | I5: =VLOOKUP($B5,wau!$A:$D,4,0) -> 59 | J5: =VLOOKUP($C5,mau!$A:$D,4,0) -> 193 | K5: =IFERROR(H5/I5,"") -> 0.16949153 | L5: =IFERROR(H5/J5,"") -> 0.051813472
A6: 44748 | B6: 44746 | C6: 44743 | D6: 2022 | E6: 27 | F6: 2022 | G6: 7 | H6: 5 | I6: =VLOOKUP($B6,wau!$A:$D,4,0) -> 59 | J6: =VLOOKUP($C6,mau!$A:$D,4,0) -> 193 | K6: =IFERROR(H6/I6,"") -> 0.084745763 | L6: =IFERROR(H6/J6,"") -> 0.025906736
A7: 44749 | B7: 44746 | C7: 44743 | D7: 2022 | E7: 27 | F7: 2022 | G7: 7 | H7: 13 | I7: =VLOOKUP($B7,wau!$A:$D,4,0) -> 59 | J7: =VLOOKUP($C7,mau!$A:$D,4,0) -> 193 | K7: =IFERROR(H7/I7,"") -> 0.22033898 | L7: =IFERROR(H7/J7,"") -> 0.067357513
A8: 44750 | B8: 44746 | C8: 44743 | D8: 2022 | E8: 27 | F8: 2022 | G8: 7 | H8: 22 | I8: =VLOOKUP($B8,wau!$A:$D,4,0) -> 59 | J8: =VLOOKUP($C8,mau!$A:$D,4,0) -> 193 | K8: =IFERROR(H8/I8,"") -> 0.37288136 | L8: =IFERROR(H8/J8,"") -> 0.11398964
A9: 44751 | B9: 44746 | C9: 44743 | D9: 2022 | E9: 27 | F9: 2022 | G9: 7 | H9: 22 | I9: =VLOOKUP($B9,wau!$A:$D,4,0) -> 59 | J9: =VLOOKUP($C9,mau!$A:$D,4,0) -> 193 | K9: =IFERROR(H9/I9,"") -> 0.37288136 | L9: =IFERROR(H9/J9,"") -> 0.11398964
A10: 44752 | B10: 44746 | C10: 44743 | D10: 2022 | E10: 27 | F10: 2022 | G10: 7 | H10: 26 | I10: =VLOOKUP($B10,wau!$A:$D,4,0) -> 59 | J10: =VLOOKUP($C10,mau!$A:$D,4,0) -> 193 | K10: =IFERROR(H10/I10,"") -> 0.44067797 | L10: =IFERROR(H10/J10,"") -> 0.13471503
A11: 44753 | B11: 44753 | C11: 44743 | D11: 2022 | E11: 28 | F11: 2022 | G11: 7 | H11: 23 | I11: =VLOOKUP($B11,wau!$A:$D,4,0) -> 92 | J11: =VLOOKUP($C11,mau!$A:$D,4,0) -> 193 | K11: =IFERROR(H11/I11,"") -> 0.25 | L11: =IFERROR(H11/J11,"") -> 0.11917098
A12: 44754 | B12: 44753 | C12: 44743 | D12: 2022 | E12: 28 | F12: 2022 | G12: 7 | H12: 24 | I12: =VLOOKUP($B12,wau!$A:$D,4,0) -> 92 | J12: =VLOOKUP($C12,mau!$A:$D,4,0) -> 193 | K12: =IFERROR(H12/I12,"") -> 0.26086957 | L12: =IFERROR(H12/J12,"") -> 0.12435233
A13: 44755 | B13: 44753 | C13: 44743 | D13: 2022 | E13: 28 | F13: 2022 | G13: 7 | H13: 30 | I13: =VLOOKUP($B13,wau!$A:$D,4,0) -> 92 | J13: =VLOOKUP($C13,mau!$A:$D,4,0) -> 193 | K13: =IFERROR(H13/I13,"") -> 0.32608696 | L13: =IFERROR(H13/J13,"") -> 0.15544041
... A304: 45046 | B304: 45040 | C304: 45017 | D304: 2023 | E304: 17 | F304: 2023 | G304: 4 | H304: 71 | I304: =VLOOKUP($B304,wau!$A:$D,4,0) -> 422 | J304: =VLOOKUP($C304,mau!$A:$D,4,0) -> 1027 | K304: =IFERROR(H304/I304,"") -> 0.16824645 | L304: =IFERROR(H304/J304,"") -> 0.069133398

Sheet wau
A1: week_start | B1: iso_year | C1: iso_week | D1: wau
A2: 44739 | B2: 2022 | C2: 26 | D2: 6
A3: 44746 | B3: 2022 | C3: 27 | D3: 59
A4: 44753 | B4: 2022 | C4: 28 | D4: 92
A5: 44760 | B5: 2022 | C5: 29 | D5: 133
A6: 44767 | B6: 2022 | C6: 30 | D6: 183
A7: 44774 | B7: 2022 | C7: 31 | D7: 202
A8: 44781 | B8: 2022 | C8: 32 | D8: 193
A9: 44788 | B9: 2022 | C9: 33 | D9: 201
A10: 44795 | B10: 2022 | C10: 34 | D10: 206
A11: 44802 | B11: 2022 | C11: 35 | D11: 192
A12: 44809 | B12: 2022 | C12: 36 | D12: 196
A13: 44816 | B13: 2022 | C13: 37 | D13: 205
... A45: 45040 | B45: 2023 | C45: 17 | D45: 422

Sheet mau
A1: month_start | B1: year | C1: month | D1: mau
A2: 44743 | B2: 2022 | C2: 7 | D2: 193
A3: 44774 | B3: 2022 | C3: 8 | D3: 366
A4: 44805 | B4: 2022 | C4: 9 | D4: 378
A5: 44835 | B5: 2022 | C5: 10 | D5: 393
A6: 44866 | B6: 2022 | C6: 11 | D6: 426
A7: 44896 | B7: 2022 | C7: 12 | D7: 390
A8: 44927 | B8: 2023 | C8: 1 | D8: 536
A9: 44958 | B9: 2023 | C9: 2 | D9: 696
A10: 44986 | B10: 2023 | C10: 3 | D10: 1544
A11: 45017 | B11: 2023 | C11: 4 | D11: 1027

Sheet Лист1
